Cluster_Label,Recency_Mean,Frequency_Mean,Monetary_Mean,Count,Percentage
0,368.53465346534654,1.356930693069307,320.9463519801981,2020,37.75700934579439
1,27.221374045801525,18.03223070398643,9074.173067854113,1179,22.037383177570096
2,143.89632728963272,4.435146443514644,1414.4459502556952,2151,40.205607476635514
